"Revision","Timestamp","Author","Changeset"
"0","1535093831861","","Z:1>6b|5+6b$Welcome to Etherpad!

This pad text is synchronized as you type, so that everyone viewing this page sees the same text. This allows you to collaborate seamlessly on documents!

Get involved with Etherpad at http://etherpad.org
"
"1","1535093854605","a.ao3KA1J3ReC4HCmy","Z:6c<6b|5-6b$"
"2","1535093882747","a.ao3KA1J3ReC4HCmy","Z:1>1*0+1$P"
"3","1535093883266","a.ao3KA1J3ReC4HCmy","Z:2>2=1*0+2$ro"
"4","1535093883743","a.ao3KA1J3ReC4HCmy","Z:4>1=3*0+1$z"
"5","1535093884279","a.ao3KA1J3ReC4HCmy","Z:5>2=4*0+2$es"
"6","1535093884745","a.ao3KA1J3ReC4HCmy","Z:7>2=6*0+2$ua"
"7","1535093890034","a.ao3KA1J3ReC4HCmy","Z:9>1=8*0+1$ "
"8","1535093891394","a.ao3KA1J3ReC4HCmy","Z:a>2=9*0+2$ho"
"9","1535093891898","a.ao3KA1J3ReC4HCmy","Z:c>2=b*0+2$ne"
"10","1535093892467","a.ao3KA1J3ReC4HCmy","Z:e>1=d*0+1$l"
"11","1535093892970","a.ao3KA1J3ReC4HCmy","Z:f>2=e*0+2$a "
"12","1535093893471","a.ao3KA1J3ReC4HCmy","Z:h>2=g*0+2$la"
"13","1535093893972","a.ao3KA1J3ReC4HCmy","Z:j>2=i*0+2$bu"
"14","1535093894472","a.ao3KA1J3ReC4HCmy","Z:l>1=k*0+1$r"
"15","1535093894970","a.ao3KA1J3ReC4HCmy","Z:m>2=l*0+2$bi"
"16","1535093895472","a.ao3KA1J3ReC4HCmy","Z:o>1=n*0+1$l"
"17","1535093896073","a.ao3KA1J3ReC4HCmy","Z:p>1=o*0+1$ "
"18","1535093896573","a.ao3KA1J3ReC4HCmy","Z:q>3=p*0+3$dai"
"19","1535093897073","a.ao3KA1J3ReC4HCmy","Z:t>3=s*0+3$tek"
"20","1535093897574","a.ao3KA1J3ReC4HCmy","Z:w>1=v*0+1$e"
"21","1535093898788","a.ao3KA1J3ReC4HCmy","Z:x>1=w*0+1$:"
"22","1535093899539","a.ao3KA1J3ReC4HCmy","Z:y>5=x*0|1+1*0+4$
    "
"23","1535093900192","a.ao3KA1J3ReC4HCmy","Z:13>5|1=y=4*0|1+1*0+4$
    "
"24","1535093905512","a.ao3KA1J3ReC4HCmy","Z:18>1|2=13=4*0+1$1"
"25","1535093906020","a.ao3KA1J3ReC4HCmy","Z:19>1|2=13=5*0+1$."
"26","1535093907672","a.ao3KA1J3ReC4HCmy","Z:1a>1|2=13=6*0+1$ "
"27","1535093913392","a.ao3KA1J3ReC4HCmy","Z:1b>1|2=13=7*0+1$E"
"28","1535093914150","a.ao3KA1J3ReC4HCmy","Z:1c>3|2=13=8*0+3$the"
"29","1535093914670","a.ao3KA1J3ReC4HCmy","Z:1f>2|2=13=b*0+2$rp"
"30","1535093915168","a.ao3KA1J3ReC4HCmy","Z:1h>2|2=13=d*0+2$ad"
"31","1535093917903","a.ao3KA1J3ReC4HCmy","Z:1j>1|2=13=f*0+1$ "
"32","1535093918406","a.ao3KA1J3ReC4HCmy","Z:1k>2|2=13=g*0+2$iz"
"33","1535093918905","a.ao3KA1J3ReC4HCmy","Z:1m>3|2=13=i*0+3$ene"
"34","1535093919404","a.ao3KA1J3ReC4HCmy","Z:1p>2|2=13=l*0+2$ko"
"35","1535093919910","a.ao3KA1J3ReC4HCmy","Z:1r>1|2=13=n*0+1$ "
"36","1535093920556","a.ao3KA1J3ReC4HCmy","Z:1s>1|2=13=o*0+1$a"
"37","1535093920995","a.ao3KA1J3ReC4HCmy","Z:1t>1|2=13=p*0+1$p"
"38","1535093921506","a.ao3KA1J3ReC4HCmy","Z:1u<2|2=13=o-2$"
"39","1535093922387","a.ao3KA1J3ReC4HCmy","Z:1s>1|2=13=o*0+1$w"
"40","1535093922884","a.ao3KA1J3ReC4HCmy","Z:1t>1|2=13=p*0+1$e"
"41","1535093923384","a.ao3KA1J3ReC4HCmy","Z:1u>1|2=13=q*0+1$b"
"42","1535093923884","a.ao3KA1J3ReC4HCmy","Z:1v>3|2=13=r*0+3$ ap"
"43","1535093924384","a.ao3KA1J3ReC4HCmy","Z:1y>2|2=13=u*0+2$li"
"44","1535093924886","a.ao3KA1J3ReC4HCmy","Z:20>2|2=13=w*0+2$ka"
"45","1535093925385","a.ao3KA1J3ReC4HCmy","Z:22>3|2=13=y*0+3$zio"
"46","1535093925886","a.ao3KA1J3ReC4HCmy","Z:25>1|2=13=11*0+1$a"
"47","1535093926983","a.ao3KA1J3ReC4HCmy","Z:26>1|2=13=12*0+1$ "
"48","1535093928164","a.ao3KA1J3ReC4HCmy","Z:27>1|2=13=13*0+1$z"
"49","1535093928666","a.ao3KA1J3ReC4HCmy","Z:28>2|2=13=14*0+2$ab"
"50","1535093929166","a.ao3KA1J3ReC4HCmy","Z:2a>2|2=13=16*0+2$al"
"51","1535093929670","a.ao3KA1J3ReC4HCmy","Z:2c>1|2=13=18*0+1$d"
"52","1535093930173","a.ao3KA1J3ReC4HCmy","Z:2d>1|2=13=19*0+1$u"
"53","1535093933910","a.ao3KA1J3ReC4HCmy","Z:2e>1|2=13=1a*0+1$ "
"54","1535093942085","a.ao3KA1J3ReC4HCmy","Z:2f>5|2=13=1b*0|1+1*0+4$
    "
"55","1535093943372","a.ao3KA1J3ReC4HCmy","Z:2k>1|3=2f=4*0+1$2"
"56","1535093943872","a.ao3KA1J3ReC4HCmy","Z:2l>2|3=2f=5*0+2$. "
"57","1535093948618","a.ao3KA1J3ReC4HCmy","Z:2n>1|3=2f=7*0+1$H"
"58","1535093949123","a.ao3KA1J3ReC4HCmy","Z:2o>2|3=2f=8*0+2$el"
"59","1535093949853","a.ao3KA1J3ReC4HCmy","Z:2q>1|3=2f=a*0+1$b"
"60","1535093950353","a.ao3KA1J3ReC4HCmy","Z:2r>3|3=2f=b*0+3$ide"
"61","1535093950851","a.ao3KA1J3ReC4HCmy","Z:2u>3|3=2f=e*0+3$ ho"
"62","1535093951350","a.ao3KA1J3ReC4HCmy","Z:2x>3|3=2f=h*0+3$ri "
"63","1535093952043","a.ao3KA1J3ReC4HCmy","Z:30>1|3=2f=k*0+1$g"
"64","1535093952545","a.ao3KA1J3ReC4HCmy","Z:31>2|3=2f=l*0+2$or"
"65","1535093953043","a.ao3KA1J3ReC4HCmy","Z:33>2|3=2f=n*0+2$de"
"66","1535093957790","a.ao3KA1J3ReC4HCmy","Z:35>1|3=2f=p*0+1$ "
"67","1535093958291","a.ao3KA1J3ReC4HCmy","Z:36>1|3=2f=q*0+1$("
"68","1535093958794","a.ao3KA1J3ReC4HCmy","Z:37>1|3=2f=r*0+1$?"
"69","1535093959289","a.ao3KA1J3ReC4HCmy","Z:38>1|3=2f=s*0+1$)"
"70","1535093959961","a.ao3KA1J3ReC4HCmy","Z:39>5|3=2f=t*0|1+1*0+4$
    "
"71","1535093960911","a.ao3KA1J3ReC4HCmy","Z:3e>1|4=39=4*0+1$3"
"72","1535093961408","a.ao3KA1J3ReC4HCmy","Z:3f>1|4=39=5*0+1$."
"73","1535093962449","a.ao3KA1J3ReC4HCmy","Z:3g>1|4=39=6*0+1$ "
"74","1535093976664","a.ao3KA1J3ReC4HCmy","Z:3h>5|2=13=1b*0|1+1*0+4$
    "
"75","1535093977843","a.ao3KA1J3ReC4HCmy","Z:3m>1|3=2f=4*0+1$2"
"76","1535093978346","a.ao3KA1J3ReC4HCmy","Z:3n>1|3=2f=5*0+1$."
"77","1535093978844","a.ao3KA1J3ReC4HCmy","Z:3o>1|3=2f=6*0+1$ "
"78","1535093979866","a.ao3KA1J3ReC4HCmy","Z:3p>1|3=2f=7*0+1$D"
"79","1535093980366","a.ao3KA1J3ReC4HCmy","Z:3q>2|3=2f=8*0+2$ok"
"80","1535093980868","a.ao3KA1J3ReC4HCmy","Z:3s>3|3=2f=a*0+3$ume"
"81","1535093981370","a.ao3KA1J3ReC4HCmy","Z:3v>4|3=2f=d*0+4$ntu "
"82","1535093981871","a.ao3KA1J3ReC4HCmy","Z:3z>2|3=2f=h*0+2$ba"
"83","1535093982368","a.ao3KA1J3ReC4HCmy","Z:41>2|3=2f=j*0+2$t "
"84","1535093982868","a.ao3KA1J3ReC4HCmy","Z:43>4|3=2f=l*0+4$sort"
"85","1535093983369","a.ao3KA1J3ReC4HCmy","Z:47>1|3=2f=p*0+1$u"
"86","1535093984969","a.ao3KA1J3ReC4HCmy","Z:48>1|3=2f=q*0+1$."
"87","1535093988041","a.ao3KA1J3ReC4HCmy","Z:49<1|4=37=4-1$"
"88","1535093988545","a.ao3KA1J3ReC4HCmy","Z:48>1|4=37=4*0+1$3"
"89","1535093990235","a.ao3KA1J3ReC4HCmy","Z:49<1|5=41=4-1$"
"90","1535093990736","a.ao3KA1J3ReC4HCmy","Z:48>1|5=41=4*0+1$4"
"91","1535093992078","a.ao3KA1J3ReC4HCmy","Z:49>1|5=41=6*0+1$ "
"92","1535093998643","a.ao3KA1J3ReC4HCmy","Z:4a>1|5=41=7*0+1$I"
"93","1535093999145","a.ao3KA1J3ReC4HCmy","Z:4b>3|5=41=8*0+3$dat"
"94","1535093999645","a.ao3KA1J3ReC4HCmy","Z:4e>2|5=41=b*0+2$zi"
"95","1535094013135","a.ao3KA1J3ReC4HCmy","Z:4g>1|5=41=d*0+1$ "
"96","1535094013636","a.ao3KA1J3ReC4HCmy","Z:4h>1|5=41=e*0+1$d"
"97","1535094014133","a.ao3KA1J3ReC4HCmy","Z:4i>3|5=41=f*0+3$oku"
"98","1535094014634","a.ao3KA1J3ReC4HCmy","Z:4l>3|5=41=i*0+3$men"
"99","1535094015133","a.ao3KA1J3ReC4HCmy","Z:4o>1|5=41=l*0+1$t"
"100","1535094015641","a.ao3KA1J3ReC4HCmy","Z:4p>2|5=41=m*0+2$ua"
"101","1535094026912","a.ao3KA1J3ReC4HCmy","Z:4r>5|5=41=o*0|1+1*0+4$
    "
"102","1535094028003","a.ao3KA1J3ReC4HCmy","Z:4w>1|6=4q=4*0+1$5"
"103","1535094029193","a.ao3KA1J3ReC4HCmy","Z:4x>1|6=4q=5*0+1$."
"104","1535094030049","a.ao3KA1J3ReC4HCmy","Z:4y>1|6=4q=6*0+1$ "
"105","1535094033408","a.ao3KA1J3ReC4HCmy","Z:4z>1|6=4q=7*0+1$W"
"106","1535094033906","a.ao3KA1J3ReC4HCmy","Z:50>1|6=4q=8*0+1$e"
"107","1535094034417","a.ao3KA1J3ReC4HCmy","Z:51>1|6=4q=9*0+1$b"
"108","1535094035215","a.ao3KA1J3ReC4HCmy","Z:52>1|6=4q=a*0+1$ "
"109","1535094036069","a.ao3KA1J3ReC4HCmy","Z:53>1|6=4q=b*0+1$h"
"110","1535094036571","a.ao3KA1J3ReC4HCmy","Z:54>2|6=4q=c*0+2$el"
"111","1535094037070","a.ao3KA1J3ReC4HCmy","Z:56>2|6=4q=e*0+2$bi"
"112","1535094038008","a.ao3KA1J3ReC4HCmy","Z:58>1|6=4q=g*0+1$d"
"113","1535094038511","a.ao3KA1J3ReC4HCmy","Z:59>2|6=4q=h*0+2$ea"
"114","1535094039011","a.ao3KA1J3ReC4HCmy","Z:5b>1|6=4q=j*0+1$ "
"115","1535094040805","a.ao3KA1J3ReC4HCmy","Z:5c>1|6=4q=k*0+1$i"
"116","1535094041307","a.ao3KA1J3ReC4HCmy","Z:5d>2|6=4q=l*0+2$ke"
"117","1535094041810","a.ao3KA1J3ReC4HCmy","Z:5f>3|6=4q=n*0+3$rla"
"118","1535094042309","a.ao3KA1J3ReC4HCmy","Z:5i>3|6=4q=q*0+3$ria"
"119","1535094042934","a.ao3KA1J3ReC4HCmy","Z:5l>3|6=4q=t*0+3$ri "
"120","1535094043449","a.ao3KA1J3ReC4HCmy","Z:5o>1|6=4q=w*0+1$p"
"121","1535094043947","a.ao3KA1J3ReC4HCmy","Z:5p>3|6=4q=x*0+3$asa"
"122","1535094044442","a.ao3KA1J3ReC4HCmy","Z:5s>2|6=4q=10*0+2$tu"
"123","1535094047263","a.ao3KA1J3ReC4HCmy","Z:5u>5|6=4q=12*0|1+1*0+4$
    "
"124","1535094047764","a.ao3KA1J3ReC4HCmy","Z:5z>5|7=5t=4*0|1+1*0+4$
    "
"125","1535094049910","a.ao3KA1J3ReC4HCmy","Z:64<4|8=5y-4$"
"126","1535094056455","a.ao3KA1J3ReC4HCmy","Z:60>1|8=5y*0+1$I"
"127","1535094056955","a.ao3KA1J3ReC4HCmy","Z:61>3|8=5y=1*0+3$ker"
"128","1535094057457","a.ao3KA1J3ReC4HCmy","Z:64>2|8=5y=4*0+2$la"
"129","1535094057952","a.ao3KA1J3ReC4HCmy","Z:66>3|8=5y=6*0+3$ria"
"130","1535094058452","a.ao3KA1J3ReC4HCmy","Z:69>1|8=5y=9*0+1$k"
"131","1535094058952","a.ao3KA1J3ReC4HCmy","Z:6a>2|8=5y=a*0+2$, "
"132","1535094059456","a.ao3KA1J3ReC4HCmy","Z:6c>3|8=5y=c*0+3$ord"
"133","1535094059956","a.ao3KA1J3ReC4HCmy","Z:6f>3|8=5y=f*0+3$uan"
"134","1535094063094","a.ao3KA1J3ReC4HCmy","Z:6i>1|8=5y=i*0+1$,"
"135","1535094063717","a.ao3KA1J3ReC4HCmy","Z:6j>1|8=5y=j*0+1$ "
"136","1535094065070","a.ao3KA1J3ReC4HCmy","Z:6k>1|8=5y=k*0+1$w"
"137","1535094065568","a.ao3KA1J3ReC4HCmy","Z:6l>2|8=5y=l*0+2$eb"
"138","1535094066074","a.ao3KA1J3ReC4HCmy","Z:6n>1|8=5y=n*0+1$ "
"139","1535094066570","a.ao3KA1J3ReC4HCmy","Z:6o>1|8=5y=o*0+1$h"
"140","1535094067068","a.ao3KA1J3ReC4HCmy","Z:6p>2|8=5y=p*0+2$el"
"141","1535094067566","a.ao3KA1J3ReC4HCmy","Z:6r>2|8=5y=r*0+2$bi"
"142","1535094068066","a.ao3KA1J3ReC4HCmy","Z:6t>3|8=5y=t*0+3$de "
"143","1535094068568","a.ao3KA1J3ReC4HCmy","Z:6w>3|8=5y=w*0+3$hor"
"144","1535094069068","a.ao3KA1J3ReC4HCmy","Z:6z>2|8=5y=z*0+2$i "
"145","1535094069569","a.ao3KA1J3ReC4HCmy","Z:71>4|8=5y=11*0+4$duel"
"146","1535094070068","a.ao3KA1J3ReC4HCmy","Z:75>1|8=5y=15*0+1$a"
"147","1535094077028","a.ao3KA1J3ReC4HCmy","Z:76>1|8=5y=16*0+1$ "
"148","1535094082460","a.ao3KA1J3ReC4HCmy","Z:77>1|8=5y=17*0+1$i"
"149","1535094082961","a.ao3KA1J3ReC4HCmy","Z:78>2|8=5y=18*0+2$da"
"150","1535094083456","a.ao3KA1J3ReC4HCmy","Z:7a>1|8=5y=1a*0+1$t"
"151","1535094083954","a.ao3KA1J3ReC4HCmy","Z:7b>2|8=5y=1b*0+2$zi"
"152","1535094084475","a.ao3KA1J3ReC4HCmy","Z:7d>1|8=5y=1d*0+1$t"
"153","1535094084975","a.ao3KA1J3ReC4HCmy","Z:7e>3|8=5y=1e*0+3$ako"
"154","1535094085475","a.ao3KA1J3ReC4HCmy","Z:7h>2|8=5y=1h*0+2$a "
"155","1535094085975","a.ao3KA1J3ReC4HCmy","Z:7j>2|8=5y=1j*0+2$ze"
"156","1535094086476","a.ao3KA1J3ReC4HCmy","Z:7l>3|8=5y=1l*0+3$in "
"157","1535094086979","a.ao3KA1J3ReC4HCmy","Z:7o>4|8=5y=1o*0+4$idat"
"158","1535094087733","a.ao3KA1J3ReC4HCmy","Z:7s<1|8=5y=1r-1$"
"159","1535094088234","a.ao3KA1J3ReC4HCmy","Z:7r>1|8=5y=1r*0+1$z"
"160","1535094088941","a.ao3KA1J3ReC4HCmy","Z:7s>1|8=5y=1s*0+1$k"
"161","1535094089441","a.ao3KA1J3ReC4HCmy","Z:7t>3|8=5y=1t*0+3$eta"
"162","1535094089943","a.ao3KA1J3ReC4HCmy","Z:7w>1|8=5y=1w*0+1$ "
"163","1535094090442","a.ao3KA1J3ReC4HCmy","Z:7x>2|8=5y=1x*0+2$pr"
"164","1535094090942","a.ao3KA1J3ReC4HCmy","Z:7z>1|8=5y=1z*0+1$o"
"165","1535094091452","a.ao3KA1J3ReC4HCmy","Z:80>2|8=5y=20*0+2$ze"
"166","1535094091950","a.ao3KA1J3ReC4HCmy","Z:82>3|8=5y=22*0+3$su "
"167","1535094092449","a.ao3KA1J3ReC4HCmy","Z:85>2|8=5y=25*0+2$os"
"168","1535094092949","a.ao3KA1J3ReC4HCmy","Z:87>1|8=5y=27*0+1$o"
"169","1535094093708","a.ao3KA1J3ReC4HCmy","Z:88>1|8=5y=28*0+1$a"
"170","1535094094208","a.ao3KA1J3ReC4HCmy","Z:89>1|8=5y=29*0+1$ "
"171","1535094094707","a.ao3KA1J3ReC4HCmy","Z:8a>3|8=5y=2a*0+3$gor"
"172","1535094095207","a.ao3KA1J3ReC4HCmy","Z:8d>3|8=5y=2d*0+3$det"
"173","1535094095708","a.ao3KA1J3ReC4HCmy","Z:8g>4|8=5y=2g*0+4$zen "
"174","1535094096209","a.ao3KA1J3ReC4HCmy","Z:8k>3|8=5y=2k*0+3$due"
"175","1535094096709","a.ao3KA1J3ReC4HCmy","Z:8n>2|8=5y=2n*0+2$n "
"176","1535094097765","a.ao3KA1J3ReC4HCmy","Z:8p>1|8=5y=2p*0+1$d"
"177","1535094098265","a.ao3KA1J3ReC4HCmy","Z:8q>2|8=5y=2q*0+2$ok"
"178","1535094098768","a.ao3KA1J3ReC4HCmy","Z:8s>3|8=5y=2s*0+3$ume"
"179","1535094099268","a.ao3KA1J3ReC4HCmy","Z:8v>1|8=5y=2v*0+1$n"
"180","1535094099768","a.ao3KA1J3ReC4HCmy","Z:8w>2|8=5y=2w*0+2$tu"
"181","1535094100268","a.ao3KA1J3ReC4HCmy","Z:8y>2|8=5y=2y*0+2$a "
"182","1535094101017","a.ao3KA1J3ReC4HCmy","Z:90>1|8=5y=30*0+1$j"
"183","1535094101517","a.ao3KA1J3ReC4HCmy","Z:91>2|8=5y=31*0+2$ai"
"184","1535094102017","a.ao3KA1J3ReC4HCmy","Z:93>3|8=5y=33*0+3$ts "
"185","1535094102518","a.ao3KA1J3ReC4HCmy","Z:96>2|8=5y=36*0+2$de"
"186","1535094103018","a.ao3KA1J3ReC4HCmy","Z:98>2|8=5y=38*0+2$za"
"187","1535094103516","a.ao3KA1J3ReC4HCmy","Z:9a>2|8=5y=3a*0+2$ke"
"188","1535094107306","a.ao3KA1J3ReC4HCmy","Z:9c>1|3=2f=q*0+1$ "
"189","1535094108941","a.ao3KA1J3ReC4HCmy","Z:9d>1|3=2f=r*0+1$w"
"190","1535094109442","a.ao3KA1J3ReC4HCmy","Z:9e>2|3=2f=s*0+2$eb"
"191","1535094109941","a.ao3KA1J3ReC4HCmy","Z:9g>1|3=2f=u*0+1$ "
"192","1535094113611","a.ao3KA1J3ReC4HCmy","Z:9h>1|3=2f=v*0+1$o"
"193","1535094114112","a.ao3KA1J3ReC4HCmy","Z:9i>1|3=2f=w*0+1$r"
"194","1535094114613","a.ao3KA1J3ReC4HCmy","Z:9j>2|3=2f=x*0+2$re"
"195","1535094115279","a.ao3KA1J3ReC4HCmy","Z:9l>3|3=2f=z*0+3$tan"
"196","1535094116091","a.ao3KA1J3ReC4HCmy","Z:9o>1|3=2f=12*0+1$*"
"197","1535094116591","a.ao3KA1J3ReC4HCmy","Z:9p>1|3=2f=13*0+1$*"
"198","1535094120118","a.ao3KA1J3ReC4HCmy","Z:9q>1|3=2f=r*0+1$*"
"199","1535094120620","a.ao3KA1J3ReC4HCmy","Z:9r>1|3=2f=s*0+1$*"
"200","1535094124207","a.ao3KA1J3ReC4HCmy","Z:9s>1|3=2f=16*0+1$ "
"201","1535094128297","a.ao3KA1J3ReC4HCmy","Z:9t>1|3=2f=17*0+1$^"
"202","1535094129849","a.ao3KA1J3ReC4HCmy","Z:9u>1|3=2f=18*0+1$["
"203","1535094131451","a.ao3KA1J3ReC4HCmy","Z:9v>1|3=2f=19*0+1$e"
"204","1535094131950","a.ao3KA1J3ReC4HCmy","Z:9w>2|3=2f=1a*0+2$z "
"205","1535094132583","a.ao3KA1J3ReC4HCmy","Z:9y>1|3=2f=1c*0+1$b"
"206","1535094133084","a.ao3KA1J3ReC4HCmy","Z:9z>3|3=2f=1d*0+3$ait"
"207","1535094133586","a.ao3KA1J3ReC4HCmy","Z:a2>1|3=2f=1g*0+1$a"
"208","1535094138669","a.ao3KA1J3ReC4HCmy","Z:a3>1|3=2f=1h*0+1$ "
"209","1535094140202","a.ao3KA1J3ReC4HCmy","Z:a4>7|3=2f=1i*0+7$balioga"
"210","1535094140701","a.ao3KA1J3ReC4HCmy","Z:ab>3|3=2f=1p*0+3$rri"
"211","1535094141409","a.ao3KA1J3ReC4HCmy","Z:ae>1|3=2f=1s*0+1$a"
"212","1535094147483","a.ao3KA1J3ReC4HCmy","Z:af<1|3=2f=1s-1$"
"213","1535094148078","a.ao3KA1J3ReC4HCmy","Z:ae<1|3=2f=1r-1$"
"214","1535094148580","a.ao3KA1J3ReC4HCmy","Z:ad<8|3=2f=1j-8$"
"215","1535094149082","a.ao3KA1J3ReC4HCmy","Z:a5<2|3=2f=1h-2$"
"216","1535094149584","a.ao3KA1J3ReC4HCmy","Z:a3<1|3=2f=1g-1$"
"217","1535094150813","a.ao3KA1J3ReC4HCmy","Z:a2>1|3=2f=1g*0+1$u"
"218","1535094151314","a.ao3KA1J3ReC4HCmy","Z:a3>1|3=2f=1h*0+1$ "
"219","1535094151815","a.ao3KA1J3ReC4HCmy","Z:a4>1|3=2f=1i*0+1$b"
"220","1535094152314","a.ao3KA1J3ReC4HCmy","Z:a5>4|3=2f=1j*0+4$alio"
"221","1535094154971","a.ao3KA1J3ReC4HCmy","Z:a9>1|3=2f=1n*0+1$ "
"222","1535094156698","a.ao3KA1J3ReC4HCmy","Z:aa>1|3=2f=1o*0+1$p"
"223","1535094157200","a.ao3KA1J3ReC4HCmy","Z:ab>2|3=2f=1p*0+2$ro"
"224","1535094157867","a.ao3KA1J3ReC4HCmy","Z:ad>3|3=2f=1r*0+3$zes"
"225","1535094158368","a.ao3KA1J3ReC4HCmy","Z:ag>4|3=2f=1u*0+4$ua b"
"226","1535094158869","a.ao3KA1J3ReC4HCmy","Z:ak>3|3=2f=1y*0+3$est"
"227","1535094159369","a.ao3KA1J3ReC4HCmy","Z:an>2|3=2f=21*0+2$e "
"228","1535094161301","a.ao3KA1J3ReC4HCmy","Z:ap>1|3=2f=23*0+1$a"
"229","1535094161802","a.ao3KA1J3ReC4HCmy","Z:aq>3|3=2f=24*0+3$pli"
"230","1535094162301","a.ao3KA1J3ReC4HCmy","Z:at>2|3=2f=27*0+2$ka"
"231","1535094162802","a.ao3KA1J3ReC4HCmy","Z:av>3|3=2f=29*0+3$zio"
"232","1535094163302","a.ao3KA1J3ReC4HCmy","Z:ay>2|3=2f=2c*0+2$rn"
"233","1535094163802","a.ao3KA1J3ReC4HCmy","Z:b0<1|3=2f=2d-1$"
"234","1535094164303","a.ao3KA1J3ReC4HCmy","Z:az>2|3=2f=2d*0+2$en"
"235","1535094164803","a.ao3KA1J3ReC4HCmy","Z:b1>2|3=2f=2f*0+2$ b"
"236","1535094165305","a.ao3KA1J3ReC4HCmy","Z:b3>2|3=2f=2h*0+2$ae"
"237","1535094165804","a.ao3KA1J3ReC4HCmy","Z:b5>1|3=2f=2j*0+1$a"
"238","1535094166303","a.ao3KA1J3ReC4HCmy","Z:b6<2|3=2f=2i-2$"
"239","1535094166806","a.ao3KA1J3ReC4HCmy","Z:b4>2|3=2f=2i*0+2$te"
"240","1535094167310","a.ao3KA1J3ReC4HCmy","Z:b6>1|3=2f=2k*0+1$a"
"241","1535094167804","a.ao3KA1J3ReC4HCmy","Z:b7>2|3=2f=2l*0+2$n "
"242","1535094168543","a.ao3KA1J3ReC4HCmy","Z:b9>1|3=2f=2n*0+1$e"
"243","1535094169044","a.ao3KA1J3ReC4HCmy","Z:ba>3|3=2f=2o*0+3$git"
"244","1535094169545","a.ao3KA1J3ReC4HCmy","Z:bd>2|3=2f=2r*0+2$ea"
"245","1535094170045","a.ao3KA1J3ReC4HCmy","Z:bf>1|3=2f=2t*0+1$k"
"246","1535094172192","a.ao3KA1J3ReC4HCmy","Z:bg>1|3=2f=2u*0+1$]"
"247","1535094179852","a.ao3KA1J3ReC4HCmy","Z:bh<1|8=83=3c-1$"
"248","1535094180829","a.ao3KA1J3ReC4HCmy","Z:bg>1|8=83=3c*0+1$."
"249","1535094186917","a.ao3KA1J3ReC4HCmy","Z:bh>1|8=83=3d*0+1$ "
"250","1535094189718","a.ao3KA1J3ReC4HCmy","Z:bi>1|8=83=3e*0+1$D"
"251","1535094190229","a.ao3KA1J3ReC4HCmy","Z:bj>1|8=83=3f*0+1$o"
"252","1535094190899","a.ao3KA1J3ReC4HCmy","Z:bk>1|8=83=3g*0+1$k"
"253","1535094191401","a.ao3KA1J3ReC4HCmy","Z:bl>1|8=83=3h*0+1$u"
"254","1535094192071","a.ao3KA1J3ReC4HCmy","Z:bm>1|8=83=3i*0+1$m"
"255","1535094192570","a.ao3KA1J3ReC4HCmy","Z:bn>3|8=83=3j*0+3$ent"
"256","1535094193073","a.ao3KA1J3ReC4HCmy","Z:bq>4|8=83=3m*0+4$u ho"
"257","1535094194119","a.ao3KA1J3ReC4HCmy","Z:bu>1|8=83=3q*0+1$r"
"258","1535094194620","a.ao3KA1J3ReC4HCmy","Z:bv>1|8=83=3r*0+1$i"
"259","1535094233214","a.ao3KA1J3ReC4HCmy","Z:bw>1|8=83=3s*0+1$ "
"260","1535094281382","a.ao3KA1J3ReC4HCmy","Z:bx<1|8=83=3s-1$"
"261","1535094282139","a.ao3KA1J3ReC4HCmy","Z:bw<2|8=83=3q-2$"
"262","1535094282639","a.ao3KA1J3ReC4HCmy","Z:bu<5|8=83=3l-5$"
"263","1535094283140","a.ao3KA1J3ReC4HCmy","Z:bp<7|8=83=3e-7$"
"264","1535094283641","a.ao3KA1J3ReC4HCmy","Z:bi<1|8=83=3d-1$"
"265","1535094286605","a.ao3KA1J3ReC4HCmy","Z:bh<1|8=83=3c-1$"
"266","1535094287487","a.ao3KA1J3ReC4HCmy","Z:bg>1|8=83=3c*0+1$,"
"267","1535094287990","a.ao3KA1J3ReC4HCmy","Z:bh>1|8=83=3d*0+1$ "
"268","1535094289014","a.ao3KA1J3ReC4HCmy","Z:bi>1|8=83=3e*0+1$e"
"269","1535094289517","a.ao3KA1J3ReC4HCmy","Z:bj>2|8=83=3f*0+2$ta"
"270","1535094290991","a.ao3KA1J3ReC4HCmy","Z:bl>1|8=83=3h*0+1$ "
"271","1535094291537","a.ao3KA1J3ReC4HCmy","Z:bm>1|8=83=3i*0+1$b"
"272","1535094292038","a.ao3KA1J3ReC4HCmy","Z:bn>3|8=83=3j*0+3$ali"
"273","1535094292538","a.ao3KA1J3ReC4HCmy","Z:bq>2|8=83=3m*0+2$ab"
"274","1535094293040","a.ao3KA1J3ReC4HCmy","Z:bs>3|8=83=3o*0+3$ide"
"275","1535094293538","a.ao3KA1J3ReC4HCmy","Z:bv>2|8=83=3r*0+2$a "
"276","1535094294040","a.ao3KA1J3ReC4HCmy","Z:bx>4|8=83=3t*0+4$sort"
"277","1535094294540","a.ao3KA1J3ReC4HCmy","Z:c1>1|8=83=3x*0+1$u"
"278","1535094296278","a.ao3KA1J3ReC4HCmy","Z:c2>1|8=83=3y*0+1$z"
"279","1535094296779","a.ao3KA1J3ReC4HCmy","Z:c3>1|8=83=3z*0+1$ "
"280","1535094297278","a.ao3KA1J3ReC4HCmy","Z:c4>2|8=83=40*0+2$ge"
"281","1535094297901","a.ao3KA1J3ReC4HCmy","Z:c6>1|8=83=42*0+1$r"
"282","1535094298401","a.ao3KA1J3ReC4HCmy","Z:c7>1|8=83=43*0+1$o"
"283","1535094298901","a.ao3KA1J3ReC4HCmy","Z:c8>1|8=83=44*0+1$,"
"284","1535094299402","a.ao3KA1J3ReC4HCmy","Z:c9>1|8=83=45*0+1$ "
"285","1535094299902","a.ao3KA1J3ReC4HCmy","Z:ca>3|8=83=46*0+3$ana"
"286","1535094300402","a.ao3KA1J3ReC4HCmy","Z:cd>2|8=83=49*0+2$li"
"287","1535094301752","a.ao3KA1J3ReC4HCmy","Z:cf>1|8=83=4b*0+1$s"
"288","1535094302254","a.ao3KA1J3ReC4HCmy","Z:cg>2|8=83=4c*0+2$at"
"289","1535094302860","a.ao3KA1J3ReC4HCmy","Z:ci>1|8=83=4e*0+1$u"
"290","1535094303369","a.ao3KA1J3ReC4HCmy","Z:cj<2|8=83=4d-2$"
"291","1535094304024","a.ao3KA1J3ReC4HCmy","Z:ch<2|8=83=4b-2$"
"292","1535094304373","a.ao3KA1J3ReC4HCmy","Z:cf>2|8=83=4b*0+2$za"
"293","1535094304871","a.ao3KA1J3ReC4HCmy","Z:ch>2|8=83=4d*0+2$tu"
"294","1535094305688","a.ao3KA1J3ReC4HCmy","Z:cj>1|8=83=4f*0+1$."
"295","1535094312645","a.ao3KA1J3ReC4HCmy","Z:ck>1|8=83=4g*0|1+1$
"
"296","1535094313375","a.ao3KA1J3ReC4HCmy","Z:cl>1|9=ck*0|1+1$
"
"297","1535094315775","a.ao3KA1J3ReC4HCmy","Z:cm>1|a=cl*0+1$J"
"298","1535094316572","a.ao3KA1J3ReC4HCmy","Z:cn>2|a=cl=1*0+2$ai"
"299","1535094317373","a.ao3KA1J3ReC4HCmy","Z:cp>3|a=cl=3*0+3$ste"
"300","1535094317863","a.ao3KA1J3ReC4HCmy","Z:cs>2|a=cl=6*0+2$ko"
"301","1535094320838","a.ao3KA1J3ReC4HCmy","Z:cu>1|a=cl=8*0+1$:"
"302","1535094321341","a.ao3KA1J3ReC4HCmy","Z:cv>5|a=cl=9*0|1+1*0+4$
    "
"303","1535094321841","a.ao3KA1J3ReC4HCmy","Z:d0>5|b=cv=4*0|1+1*0+4$
    "
"304","1535094322711","a.ao3KA1J3ReC4HCmy","Z:d5>1|c=d0=4*0+1$*"
"305","1535094323762","a.ao3KA1J3ReC4HCmy","Z:d6>1|c=d0=5*0+1$ "
"306","1535094339255","a.ao3KA1J3ReC4HCmy","Z:d7>1|c=d0=6*0+1$ "
"307","1535094340013","a.ao3KA1J3ReC4HCmy","Z:d8<1|c=d0=6-1$"
"308","1535094340870","a.ao3KA1J3ReC4HCmy","Z:d7<2|c=d0=4-2$"
"309","1535094341574","a.ao3KA1J3ReC4HCmy","Z:d5>1|c=d0=4*0+1$1"
"310","1535094342075","a.ao3KA1J3ReC4HCmy","Z:d6>2|c=d0=5*0+2$. "
"311","1535094342908","a.ao3KA1J3ReC4HCmy","Z:d8>2|c=d0=7*0+2$Jo"
"312","1535094343999","a.ao3KA1J3ReC4HCmy","Z:da>1|c=d0=9*0+1$a"
"313","1535094344501","a.ao3KA1J3ReC4HCmy","Z:db>2|c=d0=a*0+2$n "
"314","1535094365964","a.ao3KA1J3ReC4HCmy","Z:dd>1|c=d0=c*0+1$i"
"315","1535094366465","a.ao3KA1J3ReC4HCmy","Z:de>3|c=d0=d*0+3$nfo"
"316","1535094367338","a.ao3KA1J3ReC4HCmy","Z:dh>3|c=d0=g*0+3$rma"
"317","1535094368053","a.ao3KA1J3ReC4HCmy","Z:dk>4|c=d0=j*0+4$tzai"
"318","1535094368555","a.ao3KA1J3ReC4HCmy","Z:do>2|c=d0=n*0+2$le"
"319","1535094369157","a.ao3KA1J3ReC4HCmy","Z:dq>1|c=d0=p*0+1$a"
"320","1535094369661","a.ao3KA1J3ReC4HCmy","Z:dr>3|c=d0=q*0+3$k e"
"321","1535094370163","a.ao3KA1J3ReC4HCmy","Z:du>4|c=d0=t*0+4$mand"
"322","1535094370665","a.ao3KA1J3ReC4HCmy","Z:dy>3|c=d0=x*0+3$ako"
"323","1535094371165","a.ao3KA1J3ReC4HCmy","Z:e1>1|c=d0=10*0+1$ "
"324","1535094372342","a.ao3KA1J3ReC4HCmy","Z:e2>1|c=d0=11*0+1$w"
"325","1535094372842","a.ao3KA1J3ReC4HCmy","Z:e3>2|c=d0=12*0+2$eb"
"326","1535094373343","a.ao3KA1J3ReC4HCmy","Z:e5>1|c=d0=14*0+1$ "
"327","1535094373843","a.ao3KA1J3ReC4HCmy","Z:e6>2|c=d0=15*0+2$he"
"328","1535094374344","a.ao3KA1J3ReC4HCmy","Z:e8>1|c=d0=17*0+1$l"
"329","1535094374984","a.ao3KA1J3ReC4HCmy","Z:e9>1|c=d0=18*0+1$b"
"330","1535094375491","a.ao3KA1J3ReC4HCmy","Z:ea>2|c=d0=19*0+2$id"
"331","1535094375987","a.ao3KA1J3ReC4HCmy","Z:ec>3|c=d0=1b*0+3$era"
"332","1535094379232","a.ao3KA1J3ReC4HCmy","Z:ef>1|c=d0=1e*0+1$ "
"333","1535094383023","a.ao3KA1J3ReC4HCmy","Z:eg>1|c=d0=1f*0+1$e"
"334","1535094383526","a.ao3KA1J3ReC4HCmy","Z:eh>2|c=d0=1g*0+2$ta"
"335","1535094384025","a.ao3KA1J3ReC4HCmy","Z:ej>1|c=d0=1i*0+1$ "
"336","1535094392074","a.ao3KA1J3ReC4HCmy","Z:ek>1|c=d0=1j*0+1$g"
"337","1535094392577","a.ao3KA1J3ReC4HCmy","Z:el>2|c=d0=1k*0+2$oi"
"338","1535094393163","a.ao3KA1J3ReC4HCmy","Z:en>1|c=d0=1m*0+1$a"
"339","1535094393662","a.ao3KA1J3ReC4HCmy","Z:eo>1|c=d0=1n*0+1$n"
"340","1535094411768","a.ao3KA1J3ReC4HCmy","Z:ep>1|c=d0=1o*0+1$ "
"341","1535094415329","a.ao3KA1J3ReC4HCmy","Z:eq>1|c=d0=1p*0+1$a"
"342","1535094416001","a.ao3KA1J3ReC4HCmy","Z:er>1|c=d0=1q*0+1$g"
"343","1535094417005","a.ao3KA1J3ReC4HCmy","Z:es>1|c=d0=1r*0+1$e"
"344","1535094417505","a.ao3KA1J3ReC4HCmy","Z:et>2|c=d0=1s*0+2$rt"
"345","1535094418014","a.ao3KA1J3ReC4HCmy","Z:ev>2|c=d0=1u*0+2$ze"
"346","1535094418506","a.ao3KA1J3ReC4HCmy","Z:ex>4|c=d0=1w*0+4$n de"
"347","1535094419006","a.ao3KA1J3ReC4HCmy","Z:f1>1|c=d0=20*0+1$n"
"348","1535094420326","a.ao3KA1J3ReC4HCmy","Z:f2<1|c=d0=20-1$"
"349","1535094420826","a.ao3KA1J3ReC4HCmy","Z:f1<1|c=d0=1z-1$"
"350","1535094421399","a.ao3KA1J3ReC4HCmy","Z:f0>1|c=d0=1z*0+1$i"
"351","1535094422007","a.ao3KA1J3ReC4HCmy","Z:f1>4|c=d0=20*0+4$ren "
"352","1535094427476","a.ao3KA1J3ReC4HCmy","Z:f5>1|c=d0=24*0+1$i"
"353","1535094428223","a.ao3KA1J3ReC4HCmy","Z:f6>2|c=d0=25*0+2$ko"
"354","1535094428736","a.ao3KA1J3ReC4HCmy","Z:f8>2|c=d0=27*0+2$no"
"355","1535094429953","a.ao3KA1J3ReC4HCmy","Z:fa>1|c=d0=29*0+1$e"
"356","1535094431554","a.ao3KA1J3ReC4HCmy","Z:fb>1|c=d0=2a*0+1$t"
"357","1535094432355","a.ao3KA1J3ReC4HCmy","Z:fc>3|c=d0=2b*0+3$ari"
"358","1535094434309","a.ao3KA1J3ReC4HCmy","Z:ff>4|c=d0=2e*0+4$ko b"
"359","1535094434808","a.ao3KA1J3ReC4HCmy","Z:fj>3|c=d0=2i*0+3$ate"
"360","1535094435309","a.ao3KA1J3ReC4HCmy","Z:fm>2|c=d0=2l*0+2$an"
"361","1535094478397","a.ao3KA1J3ReC4HCmy","Z:fo>1|c=d0=2n*0+1$ "
"362","1535094480107","a.ao3KA1J3ReC4HCmy","Z:fp>1|c=d0=2o*0+1$d"
"363","1535094480607","a.ao3KA1J3ReC4HCmy","Z:fq>3|c=d0=2p*0+3$oku"
"364","1535094481695","a.ao3KA1J3ReC4HCmy","Z:ft>5|c=d0=2s*0+5$mentu"
"365","1535094482326","a.ao3KA1J3ReC4HCmy","Z:fy>1|c=d0=2x*0+1$a"
"366","1535094485120","a.ao3KA1J3ReC4HCmy","Z:fz>1|c=d0=2y*0+1$ "
"367","1535094485865","a.ao3KA1J3ReC4HCmy","Z:g0>1|c=d0=2z*0+1$f"
"368","1535094487738","a.ao3KA1J3ReC4HCmy","Z:g1>a|c=d0=30*0+a$ormatu des"
"369","1535094488241","a.ao3KA1J3ReC4HCmy","Z:gb>3|c=d0=3a*0+3$ber"
"370","1535094488743","a.ao3KA1J3ReC4HCmy","Z:ge>3|c=d0=3d*0+3$din"
"371","1535094489243","a.ao3KA1J3ReC4HCmy","Z:gh>3|c=d0=3g*0+3$eta"
"372","1535094489743","a.ao3KA1J3ReC4HCmy","Z:gk>2|c=d0=3j*0+2$n "
"373","1535094493279","a.ao3KA1J3ReC4HCmy","Z:gm<1|c=d0=3k-1$"
"374","1535094493917","a.ao3KA1J3ReC4HCmy","Z:gl<2|c=d0=3i-2$"
"375","1535094494420","a.ao3KA1J3ReC4HCmy","Z:gj<7|c=d0=3b-7$"
"376","1535094494926","a.ao3KA1J3ReC4HCmy","Z:gc<1|c=d0=3a-1$"
"377","1535094495440","a.ao3KA1J3ReC4HCmy","Z:gb<8|c=d0=32-8$"
"378","1535094495941","a.ao3KA1J3ReC4HCmy","Z:g3<2|c=d0=30-2$"
"379","1535094496443","a.ao3KA1J3ReC4HCmy","Z:g1<1|c=d0=2z-1$"
"380","1535094496989","a.ao3KA1J3ReC4HCmy","Z:g0>1|c=d0=2z*0+1$h"
"381","1535094498107","a.ao3KA1J3ReC4HCmy","Z:g1>6|c=d0=30*0+6$ainbat"
"382","1535094498669","a.ao3KA1J3ReC4HCmy","Z:g7>2|c=d0=36*0+2$ f"
"383","1535094499107","a.ao3KA1J3ReC4HCmy","Z:g9>4|c=d0=38*0+4$orma"
"384","1535094499606","a.ao3KA1J3ReC4HCmy","Z:gd>3|c=d0=3c*0+3$tut"
"385","1535094500110","a.ao3KA1J3ReC4HCmy","Z:gg>2|c=d0=3f*0+2$an"
"386","1535094500988","a.ao3KA1J3ReC4HCmy","Z:gi>3|c=d0=3h*0+3$ de"
"387","1535094501487","a.ao3KA1J3ReC4HCmy","Z:gl>3|c=d0=3k*0+3$ska"
"388","1535094501995","a.ao3KA1J3ReC4HCmy","Z:go>3|c=d0=3n*0+3$rga"
"389","1535094502495","a.ao3KA1J3ReC4HCmy","Z:gr>3|c=d0=3q*0+3$tze"
"390","1535094502995","a.ao3KA1J3ReC4HCmy","Z:gu>3|c=d0=3t*0+3$ko "
"391","1535094503495","a.ao3KA1J3ReC4HCmy","Z:gx>3|c=d0=3w*0+3$auk"
"392","1535094503996","a.ao3KA1J3ReC4HCmy","Z:h0>4|c=d0=3z*0+4$era "
"393","1535094504498","a.ao3KA1J3ReC4HCmy","Z:h4>2|c=d0=43*0+2$em"
"394","1535094505364","a.ao3KA1J3ReC4HCmy","Z:h6>1|c=d0=45*0+1$a"
"395","1535094505871","a.ao3KA1J3ReC4HCmy","Z:h7>2|c=d0=46*0+2$te"
"396","1535094506367","a.ao3KA1J3ReC4HCmy","Z:h9>4|c=d0=48*0+4$n du"
"397","1535094515695","a.ao3KA1J3ReC4HCmy","Z:hd>1|c=d0=4c*0+1$."
"398","1535094516238","a.ao3KA1J3ReC4HCmy","Z:he>1|c=d0=4d*0+1$ "
"399","1535094516739","a.ao3KA1J3ReC4HCmy","Z:hf>1|c=d0=4e*0+1$ "
"400","1535094517241","a.ao3KA1J3ReC4HCmy","Z:hg>5|c=d0=4f*0|1+1*0+4$
    "
"401","1535094519256","a.ao3KA1J3ReC4HCmy","Z:hl>1|d=hg*0*1*2*3+1$*"
"402","1535094520864","a.ao3KA1J3ReC4HCmy","Z:hm>1|d=hg=5*0+1$M"
"403","1535094521366","a.ao3KA1J3ReC4HCmy","Z:hn>1|d=hg=6*0+1$o"
"404","1535094524453","a.ao3KA1J3ReC4HCmy","Z:ho>1|d=hg=7*0+1$z"
"405","1535094524953","a.ao3KA1J3ReC4HCmy","Z:hp>1|d=hg=8*0+1$i"
"406","1535094525452","a.ao3KA1J3ReC4HCmy","Z:hq>2|d=hg=9*0+2$ll"
"407","1535094526180","a.ao3KA1J3ReC4HCmy","Z:hs>1|d=hg=b*0+1$a"
"408","1535094526683","a.ao3KA1J3ReC4HCmy","Z:ht>1|d=hg=c*0+1$k"
"409","1535094529461","a.ao3KA1J3ReC4HCmy","Z:hu>1|d=hg=d*0+1$ "
"410","1535094530877","a.ao3KA1J3ReC4HCmy","Z:hv>1|d=hg=e*0+1$e"
"411","1535094531377","a.ao3KA1J3ReC4HCmy","Z:hw>3|d=hg=f*0+3$ska"
"412","1535094531886","a.ao3KA1J3ReC4HCmy","Z:hz>3|d=hg=i*0+3$int"
"413","1535094532379","a.ao3KA1J3ReC4HCmy","Z:i2>3|d=hg=l*0+3$zen"
"414","1535094532881","a.ao3KA1J3ReC4HCmy","Z:i5>4|d=hg=o*0+4$ due"
"415","1535094533642","a.ao3KA1J3ReC4HCmy","Z:i9>1|d=hg=s*0+1$n"
"416","1535094535576","a.ao3KA1J3ReC4HCmy","Z:ia>1|d=hg=t*0+1$a"
"417","1535094536134","a.ao3KA1J3ReC4HCmy","Z:ib>2|d=hg=u*0+2$k,"
"418","1535094536646","a.ao3KA1J3ReC4HCmy","Z:id>4|d=hg=w*0+4$ esa"
"419","1535094537146","a.ao3KA1J3ReC4HCmy","Z:ih>3|d=hg=10*0+3$te "
"420","1535094537646","a.ao3KA1J3ReC4HCmy","Z:ik>5|d=hg=13*0+5$bater"
"421","1535094538146","a.ao3KA1J3ReC4HCmy","Z:ip>3|d=hg=18*0+3$ako"
"422","1535094539111","a.ao3KA1J3ReC4HCmy","Z:is>1|d=hg=1b*0+1$,"
"423","1535094539612","a.ao3KA1J3ReC4HCmy","Z:it>1|d=hg=1c*0+1$ "
"424","1535094542485","a.ao3KA1J3ReC4HCmy","Z:iu>1|d=hg=1d*0+1$t"
"425","1535094543158","a.ao3KA1J3ReC4HCmy","Z:iv>1|d=hg=1e*0+1$x"
"426","1535094546049","a.ao3KA1J3ReC4HCmy","Z:iw>1|d=hg=1f*0+1$t"
"427","1535094550235","a.ao3KA1J3ReC4HCmy","Z:ix>1|d=hg=1d*0+1$`"
"428","1535094550751","a.ao3KA1J3ReC4HCmy","Z:iy>1|d=hg=1e*0+1$."
"429","1535094554150","a.ao3KA1J3ReC4HCmy","Z:iz>1|d=hg=1i*0+1$`"
"430","1535094554922","a.ao3KA1J3ReC4HCmy","Z:j0>1|d=hg=1j*0+1$,"
"431","1535094555440","a.ao3KA1J3ReC4HCmy","Z:j1>1|d=hg=1k*0+1$ "
"432","1535094559099","a.ao3KA1J3ReC4HCmy","Z:j2>1|d=hg=1l*0+1$`"
"433","1535094559599","a.ao3KA1J3ReC4HCmy","Z:j3>1|d=hg=1m*0+1$."
"434","1535094560256","a.ao3KA1J3ReC4HCmy","Z:j4>1|d=hg=1n*0+1$h"
"435","1535094560758","a.ao3KA1J3ReC4HCmy","Z:j5>2|d=hg=1o*0+2$tm"
"436","1535094561260","a.ao3KA1J3ReC4HCmy","Z:j7>1|d=hg=1q*0+1$l"
"437","1535094563221","a.ao3KA1J3ReC4HCmy","Z:j8>1|d=hg=1r*0+1$`"
"438","1535094565094","a.ao3KA1J3ReC4HCmy","Z:j9>1|d=hg=1s*0+1$ "
"439","1535094565726","a.ao3KA1J3ReC4HCmy","Z:ja>1|d=hg=1t*0+1$e"
"440","1535094566333","a.ao3KA1J3ReC4HCmy","Z:jb>3|d=hg=1u*0+3$ta "
"441","1535094568249","a.ao3KA1J3ReC4HCmy","Z:je>1|d=hg=1x*0+1$`"
"442","1535094575231","a.ao3KA1J3ReC4HCmy","Z:jf>1|d=hg=1y*0+1$."
"443","1535094575731","a.ao3KA1J3ReC4HCmy","Z:jg>2|d=hg=1z*0+2$et"
"444","1535094576476","a.ao3KA1J3ReC4HCmy","Z:ji>1|d=hg=21*0+1$h"
"445","1535094576962","a.ao3KA1J3ReC4HCmy","Z:jj>3|d=hg=22*0+3$erp"
"446","1535094577464","a.ao3KA1J3ReC4HCmy","Z:jm>2|d=hg=25*0+2$ad"
"447","1535094580262","a.ao3KA1J3ReC4HCmy","Z:jo>1|d=hg=27*0+1$`"
"448","1535094580761","a.ao3KA1J3ReC4HCmy","Z:jp>1|d=hg=28*0+1$ "
"449","1535094581351","a.ao3KA1J3ReC4HCmy","Z:jq>1|d=hg=29*0+1$f"
"450","1535094581852","a.ao3KA1J3ReC4HCmy","Z:jr>3|d=hg=2a*0+3$orm"
"451","1535094582355","a.ao3KA1J3ReC4HCmy","Z:ju>3|d=hg=2d*0+3$atu"
"452","1535094582878","a.ao3KA1J3ReC4HCmy","Z:jx>3|d=hg=2g*0+3$eta"
"453","1535094583353","a.ao3KA1J3ReC4HCmy","Z:k0>2|d=hg=2j*0+2$n "
"454","1535094583882","a.ao3KA1J3ReC4HCmy","Z:k2>1|d=hg=2l*0+1$j"
"455","1535094584384","a.ao3KA1J3ReC4HCmy","Z:k3>3|d=hg=2m*0+3$ais"
"456","1535094584885","a.ao3KA1J3ReC4HCmy","Z:k6>2|d=hg=2p*0+2$te"
"457","1535094585385","a.ao3KA1J3ReC4HCmy","Z:k8>2|d=hg=2r*0+2$ko"
"458","1535094585889","a.ao3KA1J3ReC4HCmy","Z:ka>1|d=hg=2t*0+1$ "
"459","1535094586392","a.ao3KA1J3ReC4HCmy","Z:kb>3|d=hg=2u*0+3$auk"
"460","1535094586902","a.ao3KA1J3ReC4HCmy","Z:ke>4|d=hg=2x*0+4$era "
"461","1535094587403","a.ao3KA1J3ReC4HCmy","Z:ki>1|d=hg=31*0+1$e"
"462","1535094587904","a.ao3KA1J3ReC4HCmy","Z:kj>2|d=hg=32*0+2$mo"
"463","1535094588405","a.ao3KA1J3ReC4HCmy","Z:kl<1|d=hg=33-1$"
"464","1535094588904","a.ao3KA1J3ReC4HCmy","Z:kk>1|d=hg=33*0+1$a"
"465","1535094589405","a.ao3KA1J3ReC4HCmy","Z:kl>2|d=hg=34*0+2$te"
"466","1535094589906","a.ao3KA1J3ReC4HCmy","Z:kn>1|d=hg=36*0+1$n"
"467","1535094590408","a.ao3KA1J3ReC4HCmy","Z:ko>3|d=hg=37*0+3$ du"
"468","1535094597017","a.ao3KA1J3ReC4HCmy","Z:kr>1|d=hg=3a*0+1$."
"469","1535094619535","a.ao3KA1J3ReC4HCmy","Z:ks>1|d=hg=5*0+1$["
"470","1535094622366","a.ao3KA1J3ReC4HCmy","Z:kt>1|d=hg=w*0+1$]"
"471","1535094623356","a.ao3KA1J3ReC4HCmy","Z:ku>1|d=hg=x*0+1$("
"472","1535094624101","a.ao3KA1J3ReC4HCmy","Z:kv>1|d=hg=y*0+1$)"
"473","1535094637161","a.ao3KA1J3ReC4HCmy","Z:kw>z|d=hg=z*0+z$https://public.etherpad-mozilla.org"
"474","1535094640260","a.ao3KA1J3ReC4HCmy","Z:lv>1|d=hg=1y*0+1$)"
"475","1535094644756","a.ao3KA1J3ReC4HCmy","Z:lw<1|d=hg=y-1$"
"476","1535094649735","a.ao3KA1J3ReC4HCmy","Z:lv>2|d=hg=4e*0|1+1*0*1*2*3+1$
*"
"477","1535094651699","a.ao3KA1J3ReC4HCmy","Z:lx<1|e=lv-1$"
"478","1535094653569","a.ao3KA1J3ReC4HCmy","Z:lw>1|e=lv*0+1$ "
"479","1535094656004","a.ao3KA1J3ReC4HCmy","Z:lx>1|e=lv=1*0+1$ "
"480","1535094657101","a.ao3KA1J3ReC4HCmy","Z:ly>1|e=lv=2*0+1$ "
"481","1535094658319","a.ao3KA1J3ReC4HCmy","Z:lz>1|e=lv=3*0+1$2"
"482","1535094658821","a.ao3KA1J3ReC4HCmy","Z:m0>1|e=lv=4*0+1$."
"483","1535094667335","a.ao3KA1J3ReC4HCmy","Z:m1<1|e=lv-1$"
"484","1535094669971","a.ao3KA1J3ReC4HCmy","Z:m0<1|c=d0-1$"
"485","1535094670980","a.ao3KA1J3ReC4HCmy","Z:lz<1|b=cv=4|1-1$"
"486","1535094674327","a.ao3KA1J3ReC4HCmy","Z:ly>1|b=cv=4*0|1+1$
"
"487","1535094676308","a.ao3KA1J3ReC4HCmy","Z:lz<1|c=d0-1$"
"488","1535094680169","a.ao3KA1J3ReC4HCmy","Z:ly>1|e=lt=4*0+1$ "
"489","1535094687199","a.ao3KA1J3ReC4HCmy","Z:lz>1|e=lt=5*0+1$`"
"490","1535094687700","a.ao3KA1J3ReC4HCmy","Z:m0>1|e=lt=6*0+1$E"
"491","1535094688469","a.ao3KA1J3ReC4HCmy","Z:m1<1|e=lt=6-1$"
"492","1535094689386","a.ao3KA1J3ReC4HCmy","Z:m0>1|e=lt=6*0+1$."
"493","1535094689894","a.ao3KA1J3ReC4HCmy","Z:m1>1|e=lt=7*0+1$e"
"494","1535094690404","a.ao3KA1J3ReC4HCmy","Z:m2>3|e=lt=8*0+3$the"
"495","1535094690911","a.ao3KA1J3ReC4HCmy","Z:m5>2|e=lt=b*0+2$rp"
"496","1535094691414","a.ao3KA1J3ReC4HCmy","Z:m7>2|e=lt=d*0+2$ad"
"497","1535094692366","a.ao3KA1J3ReC4HCmy","Z:m9>1|e=lt=f*0+1$`"
"498","1535094692867","a.ao3KA1J3ReC4HCmy","Z:ma>1|e=lt=g*0+1$ "
"499","1535094693813","a.ao3KA1J3ReC4HCmy","Z:mb>1|e=lt=h*0+1$p"
"500","1535094694314","a.ao3KA1J3ReC4HCmy","Z:mc<1|e=lt=h-1$"
"501","1535094694815","a.ao3KA1J3ReC4HCmy","Z:mb>1|e=lt=h*0+1$f"
"502","1535094695315","a.ao3KA1J3ReC4HCmy","Z:mc>2|e=lt=i*0+2$or"
"503","1535094695816","a.ao3KA1J3ReC4HCmy","Z:me>1|e=lt=k*0+1$m"
"504","1535094696314","a.ao3KA1J3ReC4HCmy","Z:mf>2|e=lt=l*0+2$at"
"505","1535094696829","a.ao3KA1J3ReC4HCmy","Z:mh>1|e=lt=n*0+1$u"
"506","1535094697549","a.ao3KA1J3ReC4HCmy","Z:mi>1|e=lt=o*0+1$d"
"507","1535094698050","a.ao3KA1J3ReC4HCmy","Z:mj>3|e=lt=p*0+3$una"
"508","1535094698551","a.ao3KA1J3ReC4HCmy","Z:mm>1|e=lt=s*0+1$ "
"509","1535094699263","a.ao3KA1J3ReC4HCmy","Z:mn>1|e=lt=t*0+1$j"
"510","1535094699763","a.ao3KA1J3ReC4HCmy","Z:mo>2|e=lt=u*0+2$aa"
"511","1535094700264","a.ao3KA1J3ReC4HCmy","Z:mq<1|e=lt=v-1$"
"512","1535094700773","a.ao3KA1J3ReC4HCmy","Z:mp>1|e=lt=v*0+1$i"
"513","1535094701274","a.ao3KA1J3ReC4HCmy","Z:mq>3|e=lt=w*0+3$tsi"
"514","1535094704943","a.ao3KA1J3ReC4HCmy","Z:mt>1|e=lt=z*0+1$."
"515","1535094707332","a.ao3KA1J3ReC4HCmy","Z:mu<1|e=lt=z-1$"
"516","1535094708829","a.ao3KA1J3ReC4HCmy","Z:mt>3|e=lt=z*0|1+1*0+2$
  "
"517","1535094711043","a.ao3KA1J3ReC4HCmy","Z:mw>1|f=mt=2*0+1$3"
"518","1535094712045","a.ao3KA1J3ReC4HCmy","Z:mx>1|f=mt=3*0+1$."
"519","1535094712599","a.ao3KA1J3ReC4HCmy","Z:my>1|f=mt=4*0+1$ "
"520","1535094715078","a.ao3KA1J3ReC4HCmy","Z:mz>1|f=mt=5*0+1$A"
"521","1535094715576","a.ao3KA1J3ReC4HCmy","Z:n0>1|f=mt=6*0+1$z"
"522","1535094716317","a.ao3KA1J3ReC4HCmy","Z:n1>1|f=mt=7*0+1$t"
"523","1535094716820","a.ao3KA1J3ReC4HCmy","Z:n2>3|f=mt=8*0+3$ert"
"524","1535094719144","a.ao3KA1J3ReC4HCmy","Z:n5>1|f=mt=b*0+1$z"
"525","1535094719643","a.ao3KA1J3ReC4HCmy","Z:n6>1|f=mt=c*0+1$e"
"526","1535094720142","a.ao3KA1J3ReC4HCmy","Z:n7>3|f=mt=d*0+3$ko "
"527","1535094720645","a.ao3KA1J3ReC4HCmy","Z:na>3|f=mt=g*0+3$tre"
"528","1535094721146","a.ao3KA1J3ReC4HCmy","Z:nd>1|f=mt=j*0+1$s"
"529","1535094721771","a.ao3KA1J3ReC4HCmy","Z:ne>1|f=mt=k*0+1$n"
"530","1535094722273","a.ao3KA1J3ReC4HCmy","Z:nf>1|f=mt=l*0+1$a"
"531","1535094730752","a.ao3KA1J3ReC4HCmy","Z:ng>1|f=mt=m*0+1$r"
"532","1535094731255","a.ao3KA1J3ReC4HCmy","Z:nh>3|f=mt=n*0+3$eki"
"533","1535094731755","a.ao3KA1J3ReC4HCmy","Z:nk>4|f=mt=q*0+4$n er"
"534","1535094732256","a.ao3KA1J3ReC4HCmy","Z:no>3|f=mt=u*0+3$abi"
"535","1535094732755","a.ao3KA1J3ReC4HCmy","Z:nr>2|f=mt=x*0+2$li"
"536","1535094740934","a.ao3KA1J3ReC4HCmy","Z:nt>1|f=mt=z*0+1$."
"537","1535094743165","a.ao3KA1J3ReC4HCmy","Z:nu>3|f=mt=10*0|1+1*0+2$
  "
"538","1535094743667","a.ao3KA1J3ReC4HCmy","Z:nx>3|g=nu=2*0|1+1*0+2$
  "
"539","1535094745166","a.ao3KA1J3ReC4HCmy","Z:o0<2|h=nx-2$"
"540","1535094746046","a.ao3KA1J3ReC4HCmy","Z:ny>1|h=nx*0+1$A"
"541","1535094746548","a.ao3KA1J3ReC4HCmy","Z:nz>2|h=nx=1*0+2$zt"
"542","1535094747050","a.ao3KA1J3ReC4HCmy","Z:o1>3|h=nx=3*0+3$ert"
"543","1535094747555","a.ao3KA1J3ReC4HCmy","Z:o4>2|h=nx=6*0+2$ze"
"544","1535094748050","a.ao3KA1J3ReC4HCmy","Z:o6>3|h=nx=8*0+3$ko "
"545","1535094748550","a.ao3KA1J3ReC4HCmy","Z:o9>2|h=nx=b*0+2$tr"
"546","1535094749049","a.ao3KA1J3ReC4HCmy","Z:ob>2|h=nx=d*0+2$es"
"547","1535094749550","a.ao3KA1J3ReC4HCmy","Z:od>2|h=nx=f*0+2$na"
"548","1535094753170","a.ao3KA1J3ReC4HCmy","Z:of>1|h=nx*0+1$*"
"549","1535094753669","a.ao3KA1J3ReC4HCmy","Z:og>1|h=nx=1*0+1$*"
"550","1535094755840","a.ao3KA1J3ReC4HCmy","Z:oh>1|h=nx=j*0+1$*"
"551","1535094756341","a.ao3KA1J3ReC4HCmy","Z:oi>1|h=nx=k*0+1$*"
"552","1535094756843","a.ao3KA1J3ReC4HCmy","Z:oj>1|h=nx=l*0+1$ "
"553","1535094757342","a.ao3KA1J3ReC4HCmy","Z:ok>2|h=nx=m*0+2$ho"
"554","1535094757843","a.ao3KA1J3ReC4HCmy","Z:om>1|h=nx=o*0+1$r"
"555","1535094758343","a.ao3KA1J3ReC4HCmy","Z:on>1|h=nx=p*0+1$i"
"556","1535094760869","a.ao3KA1J3ReC4HCmy","Z:oo<1|h=nx=k-1$"
"557","1535094763974","a.ao3KA1J3ReC4HCmy","Z:on<1|h=nx-1$"
"558","1535094768080","a.ao3KA1J3ReC4HCmy","Z:om>1|h=nx=o*0+1$ "
"559","1535094768582","a.ao3KA1J3ReC4HCmy","Z:on>1|h=nx=p*0+1$d"
"560","1535094769084","a.ao3KA1J3ReC4HCmy","Z:oo>1|h=nx=q*0+1$a"
"561","1535094771980","a.ao3KA1J3ReC4HCmy","Z:op>1|h=nx=r*0+1$ "
"562","1535094774305","a.ao3KA1J3ReC4HCmy","Z:oq>1|h=nx=s*0+1$o"
"563","1535094774945","a.ao3KA1J3ReC4HCmy","Z:or>5|h=nx=t*0+5$raind"
"564","1535094775445","a.ao3KA1J3ReC4HCmy","Z:ow>2|h=nx=y*0+2$ik"
"565","1535094775951","a.ao3KA1J3ReC4HCmy","Z:oy>1|h=nx=10*0+1$ "
"566","1535094776582","a.ao3KA1J3ReC4HCmy","Z:oz>1|h=nx=11*0+1$g"
"567","1535094777076","a.ao3KA1J3ReC4HCmy","Z:p0>3|h=nx=12*0+3$ara"
"568","1535094777578","a.ao3KA1J3ReC4HCmy","Z:p3>3|h=nx=15*0+3$tze"
"569","1535094778108","a.ao3KA1J3ReC4HCmy","Z:p6>3|h=nx=18*0+3$ko "
"570","1535094778593","a.ao3KA1J3ReC4HCmy","Z:p9>2|h=nx=1b*0+2$da"
"571","1535094779085","a.ao3KA1J3ReC4HCmy","Z:pb>3|h=nx=1d*0+3$goe"
"572","1535094779592","a.ao3KA1J3ReC4HCmy","Z:pe>2|h=nx=1g*0+2$na"
"573","1535094780187","a.ao3KA1J3ReC4HCmy","Z:pg>1|h=nx=1i*0+1$."
